r_index_x,r_index_y,r_index_z
0.6090587377548218,0.6708290576934814,-2.0942201614379883
0.6090587377548218,0.6708290576934814,-2.0942201614379883
0.628993034362793,0.6716762185096741,-2.1208994388580322
0.630761981010437,0.6672568321228027,-2.0399277210235596
0.6224684715270996,0.6989762187004089,-1.9026119709014893
0.6520373225212097,0.6611061692237854,-2.1523776054382324
0.642350435256958,0.6768946051597595,-1.6762391328811646
0.642350435256958,0.6768946051597595,-1.6762391328811646
0.6327041387557983,0.6483694314956665,-1.813863754272461
0.6263935565948486,0.6259294748306274,-2.196713924407959
0.621880292892456,0.6058510541915894,-1.9379804134368896
0.5927795767784119,0.587517499923706,-1.9178307056427002
0.588142991065979,0.5635383129119873,-1.87589430809021
0.5825880765914917,0.5444097518920898,-2.2422518730163574
0.5825880765914917,0.5444097518920898,-2.2422518730163574
0.5681203603744507,0.5174442529678345,-1.9720348119735718
0.5681203603744507,0.5174442529678345,-1.9720348119735718
0.577648401260376,0.46243417263031006,-2.4939656257629395
0.577648401260376,0.46243417263031006,-2.4939656257629395
0.569953441619873,0.4485424757003784,-2.192976951599121
0.569953441619873,0.4485424757003784,-2.192976951599121
0.5577871799468994,0.42193710803985596,-2.099684953689575
0.5577871799468994,0.42193710803985596,-2.099684953689575
0.547417163848877,0.4094717502593994,-2.049745559692383
0.5553230047225952,0.3953588008880615,-2.258411407470703
0.550588846206665,0.38486671447753906,-2.0349957942962646
0.550588846206665,0.38486671447753906,-2.0349957942962646
0.5482217073440552,0.38762736320495605,-2.1336288452148438
0.5330626964569092,0.41930150985717773,-2.1123735904693604
0.5366845726966858,0.4282323122024536,-1.9693199396133423
0.5270825624465942,0.44497644901275635,-2.071392774581909
0.5091046690940857,0.46595215797424316,-1.9106086492538452
0.5054069757461548,0.4568692445755005,-1.8638914823532104
0.49479737877845764,0.4806736707687378,-2.0401551723480225
0.4710925221443176,0.5186514854431152,-1.7239291667938232
0.4710925221443176,0.5186514854431152,-1.7239291667938232
0.4725407361984253,0.5320192575454712,-1.9762616157531738
0.4503154754638672,0.5601308345794678,-2.128798007965088
0.43670129776000977,0.6090823411941528,-1.8534034490585327
0.43670129776000977,0.6090823411941528,-1.8534034490585327
0.4281271696090698,0.6281676292419434,-1.917878270149231
0.42204898595809937,0.6470304727554321,-1.8918344974517822
0.4089115858078003,0.6804212331771851,-1.7126837968826294
0.4006354808807373,0.6931434869766235,-2.06612229347229
0.3979046940803528,0.7026795148849487,-1.9157506227493286
0.3979046940803528,0.7026795148849487,-1.9157506227493286
0.39661240577697754,0.7050753831863403,-1.852064847946167
0.39661240577697754,0.7050753831863403,-1.852064847946167
0.4146476984024048,0.7099273204803467,-2.1572651863098145
0.41974687576293945,0.7028095722198486,-2.0625431537628174
0.44169527292251587,0.7050493955612183,-2.259089469909668
0.44169527292251587,0.7050493955612183,-2.259089469909668
0.48451855778694153,0.6892701983451843,-1.7890981435775757
0.5143390893936157,0.6816527247428894,-2.1896586418151855
0.5523271560668945,0.680517852306366,-2.00465989112854
0.5523271560668945,0.680517852306366,-2.00465989112854
0.5933609008789062,0.6770352721214294,-1.9592417478561401
0.6152153015136719,0.7053179144859314,-1.931298017501831
0.6697933077812195,0.6810872554779053,-1.8836827278137207
0.706047534942627,0.663672924041748,-1.8285921812057495
0.7145787477493286,0.6677501797676086,-1.6538466215133667
0.6955779790878296,0.6897062659263611,-2.039898157119751
0.6955779790878296,0.6897062659263611,-2.039898157119751
0.7409634590148926,0.6729412078857422,-1.7184422016143799
0.7275863885879517,0.6870142817497253,-1.702609896659851
0.7275863885879517,0.6870142817497253,-1.702609896659851
0.7188014984130859,0.6596692800521851,-1.783320665359497
0.7015516757965088,0.6332167387008667,-2.0118789672851562
0.7188014984130859,0.6596692800521851,-1.783320665359497
0.6509523987770081,0.6576327085494995,-1.7674763202667236
0.6529415249824524,0.5659856796264648,-1.802626132965088
0.6529415249824524,0.5659856796264648,-1.802626132965088
0.6245635747909546,0.4888801574707031,-1.9256322383880615
0.6245635747909546,0.4888801574707031,-1.9256322383880615
0.6107184886932373,0.4358952045440674,-2.125980854034424
0.6107184886932373,0.4358952045440674,-2.125980854034424
0.6026293039321899,0.4487292766571045,-2.1523478031158447
0.6092395782470703,0.4184378385543823,-2.1445260047912598
0.606689989566803,0.39587438106536865,-2.069937229156494
0.606689989566803,0.39587438106536865,-2.069937229156494
0.6128698587417603,0.3548821210861206,-1.8845545053482056
0.6128698587417603,0.3548821210861206,-1.8845545053482056
0.6109628677368164,0.342654824256897,-2.198321580886841
0.6109628677368164,0.342654824256897,-2.198321580886841
0.6092880964279175,0.3433898687362671,-2.0673141479492188
0.6092880964279175,0.3433898687362671,-2.0673141479492188
0.6134841442108154,0.3611772060394287,-2.0858113765716553
0.6134841442108154,0.3611772060394287,-2.0858113765716553
0.5949700474739075,0.38109099864959717,-1.8823785781860352
0.5949700474739075,0.38109099864959717,-1.8823785781860352
0.5863831639289856,0.40622055530548096,-2.2750070095062256
0.5863831639289856,0.40622055530548096,-2.2750070095062256
0.5706502199172974,0.43331289291381836,-1.9578754901885986
0.5706502199172974,0.43331289291381836,-1.9578754901885986
0.5396808385848999,0.5007131099700928,-1.7594588994979858
0.5396808385848999,0.5007131099700928,-1.7594588994979858
0.5169793963432312,0.49960625171661377,-2.077526092529297
0.5034943222999573,0.5282895565032959,-2.1997761726379395
0.48476290702819824,0.5672522783279419,-1.9283910989761353
0.48671674728393555,0.5963824987411499,-1.9442368745803833
0.47815635800361633,0.6047214269638062,-2.5817677974700928
0.46837151050567627,0.6254647970199585,-2.2494380474090576
0.46383222937583923,0.6481325030326843,-2.411893606185913
0.45760369300842285,0.6571922898292542,-2.3213932514190674
0.4453551769256592,0.6665657162666321,-2.247011184692383
0.4372263550758362,0.6653313040733337,-2.213419198989868
0.43541526794433594,0.6749638319015503,-1.9941681623458862
0.43255186080932617,0.669980525970459,-2.43796968460083
0.4307343363761902,0.6759124994277954,-2.072895050048828
0.42715924978256226,0.6985753774642944,-2.147918224334717
0.42715924978256226,0.6985753774642944,-2.147918224334717
0.43321913480758667,0.6830190420150757,-2.3968334197998047
0.43321913480758667,0.6830190420150757,-2.3968334197998047
0.46180790662765503,0.7048586010932922,-2.0699915885925293
0.46180790662765503,0.7048586010932922,-2.0699915885925293
0.4977562725543976,0.7049558162689209,-2.4110777378082275
0.4977562725543976,0.7049558162689209,-2.4110777378082275
0.5262789726257324,0.7089184522628784,-2.2503981590270996
0.566698431968689,0.7141807079315186,-2.045747756958008
0.6334378123283386,0.7287777066230774,-1.6388696432113647
0.6334378123283386,0.7287777066230774,-1.6388696432113647
0.6582933664321899,0.7103631496429443,-1.7408169507980347
0.7038960456848145,0.7251120209693909,-1.8257194757461548
0.6926560401916504,0.7219675183296204,-2.0989835262298584
0.7186217904090881,0.7117167115211487,-2.0599045753479004
0.6960036754608154,0.7120193243026733,-1.995774745941162
0.7227506041526794,0.7119508385658264,-2.168347120285034
0.7167292833328247,0.720931887626648,-2.219489336013794
0.7167292833328247,0.720931887626648,-2.219489336013794
0.7273882627487183,0.6958797574043274,-2.300976037979126
0.7273882627487183,0.6958797574043274,-2.300976037979126
0.7396273612976074,0.6458003520965576,-2.180964469909668
0.7396273612976074,0.6458003520965576,-2.180964469909668
0.6512889862060547,0.6645486950874329,-2.0423033237457275
0.6630293726921082,0.6436223983764648,-2.118102550506592
0.683942437171936,0.5805524587631226,-2.078993082046509
0.6433979272842407,0.5400908589363098,-2.130652666091919
0.6173403263092041,0.49782824516296387,-1.924646258354187
0.6126366853713989,0.4816218614578247,-2.079817295074463
0.6013256311416626,0.4755657911300659,-2.043078899383545
0.6108477115631104,0.4411787986755371,-2.314147472381592
0.6108477115631104,0.4411787986755371,-2.314147472381592
0.5880812406539917,0.44034266471862793,-2.3963639736175537
0.5880812406539917,0.44034266471862793,-2.3963639736175537
0.5837780237197876,0.39166903495788574,-2.12306809425354
0.5837780237197876,0.39166903495788574,-2.12306809425354
0.584101676940918,0.36666202545166016,-1.868835687637329
0.584101676940918,0.36666202545166016,-1.868835687637329
0.590591311454773,0.3367053270339966,-2.0014567375183105
0.589009702205658,0.3314359188079834,-1.7519043684005737
0.5856912136077881,0.31527674198150635,-2.0704843997955322
0.5856912136077881,0.31527674198150635,-2.0704843997955322
0.5764000415802002,0.32217514514923096,-2.005039930343628
0.5764000415802002,0.32217514514923096,-2.005039930343628
0.568566083908081,0.31820595264434814,-2.010671615600586
0.5677292943000793,0.33262455463409424,-1.976937174797058
0.5635713338851929,0.3402937650680542,-2.07332181930542
